step,gaussians,dead_share
0,438073,0.00000
100,438073,0.00000
200,438073,0.00000
300,438073,0.00009
400,438073,0.00410
500,438073,0.00442
600,438073,0.00463
700,438073,0.00485
800,438073,0.00505
900,438073,0.00527
1000,438073,0.00548
1100,438073,0.00572
1200,438073,0.00590
1300,459976,0.00671
1400,459976,0.00788
1500,482974,0.01043
1600,482974,0.01211
1700,507122,0.02594
1800,507122,0.02839
1900,532478,0.02071
2000,532478,0.02382
2100,559101,0.03666
2200,559101,0.03996
2300,587056,0.01874
2400,587056,0.02321
2500,616408,0.02745
2600,616408,0.03263
2700,647228,0.03850
2800,647228,0.04431
2900,679589,0.03950
3000,679589,0.04637
3100,713568,0.04509
3200,713568,0.05276
3300,749246,0.02992
3400,749246,0.03820
3500,786708,0.02945
3600,786708,0.03722
3700,826043,0.03569
3800,826043,0.04467
3900,867345,0.02350
4000,867345,0.03188
4100,910712,0.04314
4200,910712,0.05169
4300,956247,0.03385
4400,956247,0.04356
4500,1004059,0.03643
4600,1004059,0.04635
4700,1054261,0.04648
4800,1054261,0.05641
4900,1106974,0.05170
5000,1106974,0.06184
5100,1162322,0.05862
5200,1162322,0.06959
5300,1220438,0.05912
5400,1220438,0.07046
5500,1281459,0.04380
5600,1281459,0.05605
5700,1345531,0.04303
5800,1345531,0.05682
5900,1412807,0.05199
6000,1412807,0.06387
6100,1483447,0.06544
6200,1483447,0.07847
6300,1557619,0.04827
6400,1557619,0.06225
6500,1635499,0.03783
6600,1635499,0.05083
6700,1717273,0.05114
6800,1717273,0.06478
6900,1803136,0.08093
7000,1803136,0.09353
7100,1893292,0.06485
7200,1893292,0.08065
7300,1987956,0.05590
7400,1987956,0.07011
7500,2087353,0.07011
7600,2087353,0.08461
7700,2191720,0.05970
7800,2191720,0.07625
7900,2301306,0.05204
8000,2301306,0.06892
8100,2416371,0.05285
8200,2416371,0.06844
8300,2537189,0.05755
8400,2537189,0.07106
8500,2664048,0.05490
8600,2664048,0.06991
8700,2797250,0.07980
8800,2797250,0.09550
8900,2937112,0.07255
9000,2937112,0.09104
9100,3083967,0.07615
9200,3083967,0.09233
9300,3238165,0.08125
9400,3238165,0.09877
9500,3400073,0.10268
9600,3400073,0.11969
9700,3570076,0.09182
9800,3570076,0.10978
9900,3748579,0.08772
10000,3748579,0.10713
10100,3936007,0.10283
10200,3936007,0.12162
10300,4132807,0.11046
10400,4132807,0.12962
10500,4339447,0.08503
10600,4339447,0.10643
10700,4556419,0.08494
10800,4556419,0.10285
10900,4784239,0.10687
11000,4784239,0.12627
11100,5000000,0.10052
11200,5000000,0.12116
11300,5000000,0.08672
11400,5000000,0.10768
11500,5000000,0.07314
11600,5000000,0.09170
11700,5000000,0.06206
11800,5000000,0.08035
11900,5000000,0.06480
12000,5000000,0.08055
12100,5000000,0.06939
12200,5000000,0.08681
12300,5000000,0.05771
12400,5000000,0.07326
12500,5000000,0.05494
12600,5000000,0.06943
12700,5000000,0.06679
12800,5000000,0.08027
12900,5000000,0.05810
13000,5000000,0.07520
13100,5000000,0.05917
13200,5000000,0.07445
13300,5000000,0.05053
13400,5000000,0.06578
13500,5000000,0.04928
13600,5000000,0.06502
13700,5000000,0.05063
13800,5000000,0.06465
13900,5000000,0.05549
14000,5000000,0.06931
14100,5000000,0.05814
14200,5000000,0.07288
14300,5000000,0.05599
14400,5000000,0.07081
14500,5000000,0.04705
14600,5000000,0.06333
14700,5000000,0.04244
14800,5000000,0.05652
14900,5000000,0.05101
15000,5000000,0.06600
15100,5000000,0.05110
15200,5000000,0.06511
15300,5000000,0.05128
15400,5000000,0.06490
15500,5000000,0.04398
15600,5000000,0.05774
15700,5000000,0.05099
15800,5000000,0.06617
15900,5000000,0.05042
16000,5000000,0.06511
16100,5000000,0.04063
16200,5000000,0.05377
16300,5000000,0.04794
16400,5000000,0.06095
16500,5000000,0.06827
16600,5000000,0.08324
16700,5000000,0.05106
16800,5000000,0.06536
16900,5000000,0.04697
17000,5000000,0.06063
17100,5000000,0.05068
17200,5000000,0.06477
17300,5000000,0.04721
17400,5000000,0.06260
17500,5000000,0.05450
17600,5000000,0.06843
17700,5000000,0.04327
17800,5000000,0.05858
17900,5000000,0.04481
18000,5000000,0.05736
18100,5000000,0.04995
18200,5000000,0.06291
18300,5000000,0.03991
18400,5000000,0.05313
18500,5000000,0.03879
18600,5000000,0.05215
18700,5000000,0.03436
18800,5000000,0.04623
18900,5000000,0.03830
19000,5000000,0.05298
19100,5000000,0.04395
19200,5000000,0.05715
19300,5000000,0.03483
19400,5000000,0.04767
19500,5000000,0.02930
19600,5000000,0.04174
19700,5000000,0.03559
19800,5000000,0.04885
19900,5000000,0.02960
20000,5000000,0.04177
20100,5000000,0.02664
20200,5000000,0.03876
20300,5000000,0.02782
20400,5000000,0.03907
20500,5000000,0.03114
20600,5000000,0.04301
20700,5000000,0.03072
20800,5000000,0.04226
20900,5000000,0.03127
21000,5000000,0.04400
21100,5000000,0.03683
21200,5000000,0.04970
21300,5000000,0.03440
21400,5000000,0.04780
21500,5000000,0.04103
21600,5000000,0.05392
21700,5000000,0.03778
21800,5000000,0.05069
21900,5000000,0.03790
22000,5000000,0.05087
22100,5000000,0.03795
22200,5000000,0.05031
22300,5000000,0.03577
22400,5000000,0.04761
22500,5000000,0.04546
22600,5000000,0.05874
22700,5000000,0.04275
22800,5000000,0.05470
22900,5000000,0.03899
23000,5000000,0.05107
23100,5000000,0.04201
23200,5000000,0.05511
23300,5000000,0.03658
23400,5000000,0.04915
23500,5000000,0.03926
23600,5000000,0.05165
23700,5000000,0.04495
23800,5000000,0.05759
23900,5000000,0.04283
24000,5000000,0.05468
24100,5000000,0.03644
24200,5000000,0.04989
24300,5000000,0.03683
24400,5000000,0.04881
24500,5000000,0.03609
24600,5000000,0.04815
24700,5000000,0.02842
24800,5000000,0.04050
24900,5000000,0.03089
25000,5000000,0.04190
25100,5000000,0.02936
25200,5000000,0.04039
25300,5000000,0.03081
25400,5000000,0.04204
25500,5000000,0.02892
25600,5000000,0.03974
25700,5000000,0.03199
25800,5000000,0.04326
25900,5000000,0.02693
26000,5000000,0.03880
26100,5000000,0.03028
26200,5000000,0.04053
26300,5000000,0.02665
26400,5000000,0.03706
26500,5000000,0.02470
26600,5000000,0.03539
26700,5000000,0.02828
26800,5000000,0.03932
26900,5000000,0.03249
27000,5000000,0.04378
27100,5000000,0.03188
27200,5000000,0.04346
27300,5000000,0.02850
27400,5000000,0.03978
27500,5000000,0.02937
27600,5000000,0.03938
27700,5000000,0.03133
27800,5000000,0.04165
27900,5000000,0.03187
28000,5000000,0.04275
28100,5000000,0.02787
28200,5000000,0.03911
28300,5000000,0.02565
28400,5000000,0.03612
28500,5000000,0.02442
28600,5000000,0.03500
28700,5000000,0.02790
28800,5000000,0.03880
28900,5000000,0.02479
29000,5000000,0.03545
29100,5000000,0.03267
29200,5000000,0.04297
29300,5000000,0.02743
29400,5000000,0.03787
29500,5000000,0.02147
29600,5000000,0.03152
29700,5000000,0.02547
29800,5000000,0.03458
29900,5000000,0.02574
30000,5000000,0.03523
30100,5000000,0.02252
30200,5000000,0.03235
30300,5000000,0.02138
30400,5000000,0.03123
30500,5000000,0.02107
30600,5000000,0.03033
30700,5000000,0.01904
30800,5000000,0.02775
30900,5000000,0.02256
31000,5000000,0.03124
31100,5000000,0.02562
31200,5000000,0.03516
31300,5000000,0.02665
31400,5000000,0.03606
31500,5000000,0.03479
31600,5000000,0.04372
31700,5000000,0.02286
31800,5000000,0.03170
31900,5000000,0.02777
32000,5000000,0.03741
32100,5000000,0.03309
32200,5000000,0.04255
32300,5000000,0.02914
32400,5000000,0.03888
32500,5000000,0.02682
32600,5000000,0.03555
32700,5000000,0.02116
32800,5000000,0.02980
32900,5000000,0.02564
33000,5000000,0.03442
33100,5000000,0.02944
33200,5000000,0.03881
33300,5000000,0.02247
33400,5000000,0.03105
33500,5000000,0.02732
33600,5000000,0.03652
33700,5000000,0.03104
33800,5000000,0.03938
33900,5000000,0.02231
34000,5000000,0.03159
34100,5000000,0.02205
34200,5000000,0.03045
34300,5000000,0.02066
34400,5000000,0.02940
34500,5000000,0.02674
34600,5000000,0.03486
34700,5000000,0.02049
34800,5000000,0.02938
34900,5000000,0.02035
35000,5000000,0.02896
35100,5000000,0.02511
35200,5000000,0.03279
35300,5000000,0.01959
35400,5000000,0.02793
35500,5000000,0.02043
35600,5000000,0.02866
35700,5000000,0.02146
35800,5000000,0.02958
35900,5000000,0.02278
36000,5000000,0.03119
36100,5000000,0.01796
36200,5000000,0.02579
36300,5000000,0.02950
36400,5000000,0.03709
36500,5000000,0.02512
36600,5000000,0.03340
36700,5000000,0.02429
36800,5000000,0.03228
36900,5000000,0.01914
37000,5000000,0.02664
37100,5000000,0.02336
37200,5000000,0.03095
37300,5000000,0.02727
37400,5000000,0.03516
37500,5000000,0.02791
37600,5000000,0.03625
37700,5000000,0.02199
37800,5000000,0.02916
37900,5000000,0.02409
38000,5000000,0.03160
38100,5000000,0.02443
38200,5000000,0.03271
38300,5000000,0.02570
38400,5000000,0.03383
38500,5000000,0.02376
38600,5000000,0.03183
38700,5000000,0.02359
38800,5000000,0.03084
38900,5000000,0.02258
39000,5000000,0.02996
39100,5000000,0.01932
39200,5000000,0.02722
39300,5000000,0.01825
39400,5000000,0.02491
39500,5000000,0.01826
39600,5000000,0.02496
39700,5000000,0.01612
39800,5000000,0.02292
39900,5000000,0.01572
40000,5000000,0.02255
40100,5000000,0.01801
40200,5000000,0.02514
40300,5000000,0.01785
40400,5000000,0.02446
40500,5000000,0.01423
40600,5000000,0.02120
40700,5000000,0.01333
40800,5000000,0.01975
40900,5000000,0.01485
41000,5000000,0.02067
41100,5000000,0.01384
41200,5000000,0.02021
41300,5000000,0.01741
41400,5000000,0.02391
41500,5000000,0.01869
41600,5000000,0.02490
41700,5000000,0.02060
41800,5000000,0.02686
41900,5000000,0.02634
42000,5000000,0.03260
42100,5000000,0.03610
42200,5000000,0.04265
42300,5000000,0.01607
42400,5000000,0.02292
42500,5000000,0.01837
42600,5000000,0.02480
42700,5000000,0.02136
42800,5000000,0.02739
42900,5000000,0.01572
43000,5000000,0.02125
43100,5000000,0.01523
43200,5000000,0.02092
43300,5000000,0.01417
43400,5000000,0.02007
43500,5000000,0.01690
43600,5000000,0.02334
43700,5000000,0.01761
43800,5000000,0.02355
43900,5000000,0.02109
44000,5000000,0.02681
44100,5000000,0.01984
44200,5000000,0.02594
44300,5000000,0.01367
44400,5000000,0.01992
44500,5000000,0.01588
44600,5000000,0.02157
44700,5000000,0.01729
44800,5000000,0.02305
44900,5000000,0.01512
45000,5000000,0.02048
45100,5000000,0.01295
45200,5000000,0.01867
45300,5000000,0.01264
45400,5000000,0.01796
45500,5000000,0.01205
45600,5000000,0.01729
45700,5000000,0.01307
45800,5000000,0.01809
45900,5000000,0.01048
46000,5000000,0.01563
46100,5000000,0.01143
46200,5000000,0.01658
46300,5000000,0.01437
46400,5000000,0.01894
46500,5000000,0.01524
46600,5000000,0.02047
46700,5000000,0.01648
46800,5000000,0.02141
46900,5000000,0.01691
47000,5000000,0.02176
47100,5000000,0.01239
47200,5000000,0.01758
47300,5000000,0.01307
47400,5000000,0.01807
47500,5000000,0.01582
47600,5000000,0.02068
47700,5000000,0.01598
47800,5000000,0.02104
47900,5000000,0.01609
48000,5000000,0.02110
48100,5000000,0.01744
48200,5000000,0.02323
48300,5000000,0.01357
48400,5000000,0.01894
48500,5000000,0.01786
48600,5000000,0.02312
48700,5000000,0.01539
48800,5000000,0.02025
48900,5000000,0.01665
49000,5000000,0.02134
49100,5000000,0.01410
49200,5000000,0.01902
49300,5000000,0.01572
49400,5000000,0.02073
49500,5000000,0.01874
49600,5000000,0.02347
49700,5000000,0.01887
49800,5000000,0.02405
49900,5000000,0.01137
50000,5000000,0.01624
50100,5000000,0.02038
50200,5000000,0.02438
50300,5000000,0.02842
50400,5000000,0.03215
50500,5000000,0.03580
50600,5000000,0.03939
50700,5000000,0.04304
50800,5000000,0.04634
50900,5000000,0.04984
51000,5000000,0.05313
51100,5000000,0.05666
51200,5000000,0.06035
51300,5000000,0.06357
51400,5000000,0.06715
51500,5000000,0.07044
51600,5000000,0.07384
51700,5000000,0.07720
51800,5000000,0.08053
51900,5000000,0.08381
52000,5000000,0.08680
52100,5000000,0.08986
52200,5000000,0.09271
52300,5000000,0.09591
52400,5000000,0.09892
52500,5000000,0.10196
52600,5000000,0.10471
52700,5000000,0.10786
52800,5000000,0.11098
52900,5000000,0.11426
53000,5000000,0.11731
53100,5000000,0.12030
53200,5000000,0.12317
53300,5000000,0.12617
53400,5000000,0.12903
53500,5000000,0.13182
53600,5000000,0.13475
53700,5000000,0.13755
53800,5000000,0.14029
53900,5000000,0.14300
54000,5000000,0.14579
54100,5000000,0.14854
54200,5000000,0.15122
54300,5000000,0.15370
54400,5000000,0.15641
54500,5000000,0.15914
54600,5000000,0.16168
54700,5000000,0.16434
54800,5000000,0.16702
54900,5000000,0.16950
55000,5000000,0.17203
55100,5000000,0.17469
55200,5000000,0.17739
55300,5000000,0.17987
55400,5000000,0.18230
55500,5000000,0.18484
55600,5000000,0.18755
55700,5000000,0.19009
55800,5000000,0.19259
55900,5000000,0.19498
56000,5000000,0.19735
56100,5000000,0.19968
56200,5000000,0.20218
56300,5000000,0.20445
56400,5000000,0.20700
56500,5000000,0.20938
56600,5000000,0.21167
56700,5000000,0.21424
56800,5000000,0.21686
56900,5000000,0.21931
57000,5000000,0.22156
57100,5000000,0.22394
57200,5000000,0.22628
57300,5000000,0.22851
57400,5000000,0.23075
57500,5000000,0.23302
57600,5000000,0.23528
57700,5000000,0.23752
57800,5000000,0.23971
57900,5000000,0.24198
58000,5000000,0.24408
58100,5000000,0.24629
58200,5000000,0.24846
58300,5000000,0.25059
58400,5000000,0.25255
58500,5000000,0.25473
58600,5000000,0.25678
58700,5000000,0.25882
58800,5000000,0.26085
58900,5000000,0.26284
59000,5000000,0.26496
59100,5000000,0.26695
59200,5000000,0.26887
59300,5000000,0.27070
59400,5000000,0.27264
59500,5000000,0.27461
59600,5000000,0.27650
59700,5000000,0.27840
59800,5000000,0.28017
59900,5000000,0.28201
