step,train/l1loss,train/loss,train/mem,train/num_GS,train/ssimloss,val/ellipse_time,val/lpips,val/num_GS,val/psnr,val/ssim
0,0.1760467290878296,0.246550053358078,0.7935566902160645,438073.0,0.5278298854827881,,,,,
100,0.4033079445362091,0.447316437959671,0.9904389381408691,438073.0,0.6227434277534485,,,,,
200,0.16959133744239807,0.2545786201953888,0.9904389381408691,438073.0,0.5939286947250366,,,,,
300,0.09308788925409317,0.1637922078371048,0.991358757019043,438073.0,0.4460180997848511,,,,,
400,0.06687390059232712,0.1553134024143219,0.9915947914123535,438073.0,0.5084835290908813,,,,,
500,0.030449027195572853,0.09836231917142868,0.9935803413391113,438073.0,0.36942559480667114,,,,,
600,0.07065754383802414,0.11873386055231094,0.9935803413391113,438073.0,0.3104594945907593,,,,,
700,0.11097294837236404,0.16569432616233826,0.9935803413391113,438073.0,0.38400858640670776,,,,,
800,0.05328923091292381,0.10156407952308655,0.9952144622802734,438073.0,0.29409390687942505,,,,,
900,0.14691001176834106,0.22317491471767426,0.9956536293029785,438073.0,0.5276710987091064,,,,,
1000,0.04812989383935928,0.10450384765863419,1.6287589073181152,438073.0,0.32944434881210327,,,,,
1100,0.11190932244062424,0.19789932668209076,1.6287589073181152,438073.0,0.5413065552711487,,,,,
1200,0.02603977546095848,0.04952346161007881,1.6287589073181152,438073.0,0.14291596412658691,,,,,
1300,0.12523314356803894,0.17159119248390198,1.6287589073181152,459976.0,0.356500506401062,,,,,
1400,0.08131355792284012,0.14945365488529205,1.6287589073181152,459976.0,0.42149782180786133,,,,,
1500,0.011692714877426624,0.030286742374300957,1.6287589073181152,482974.0,0.10416209697723389,,,,,
1600,0.06888550519943237,0.12997911870479584,1.6287589073181152,482974.0,0.37385642528533936,,,,,
1700,0.007660283707082272,0.0263226255774498,1.6287589073181152,507122.0,0.10050171613693237,,,,,
1800,0.07706795632839203,0.13781917095184326,1.6287589073181152,507122.0,0.3803578019142151,,,,,
1900,0.07100000977516174,0.12783236801624298,1.6287589073181152,532478.0,0.35471445322036743,,,,,
2000,0.02187965251505375,0.052335504442453384,1.692647933959961,532478.0,0.17371362447738647,,,,,
2100,0.04443100467324257,0.07751844078302383,1.692647933959961,559101.0,0.20944857597351074,,,,,
2200,0.06726986169815063,0.07934290915727615,1.692647933959961,559101.0,0.12721645832061768,,,,,
2300,0.04758678004145622,0.08739076554775238,1.692647933959961,587056.0,0.2461981177330017,,,,,
2400,0.01786295883357525,0.04299559071660042,1.692647933959961,587056.0,0.14311635494232178,,,,,
2500,0.02100481279194355,0.03898153081536293,1.692647933959961,616408.0,0.11049818992614746,,,,,
2600,0.0097575131803751,0.045729558914899826,1.692647933959961,616408.0,0.18922895193099976,,,,,
2700,0.01954035460948944,0.05100822076201439,1.692647933959961,647228.0,0.17651158571243286,,,,,
2800,0.01907200738787651,0.044026024639606476,1.692647933959961,647228.0,0.14347338676452637,,,,,
2900,0.043449677526950836,0.08917645364999771,1.692647933959961,679589.0,0.271734356880188,,,,,
3000,0.013718818314373493,0.029092438519001007,1.793870449066162,679589.0,0.09023654460906982,,,,,
3100,0.03036799654364586,0.06225954368710518,1.793870449066162,713568.0,0.1894938349723816,,,,,
3200,0.04191291704773903,0.06084996089339256,1.793870449066162,713568.0,0.13626372814178467,,,,,
3300,0.03167765960097313,0.05724864825606346,1.793870449066162,749246.0,0.15920430421829224,,,,,
3400,0.04695356637239456,0.06919798254966736,1.793870449066162,749246.0,0.15784603357315063,,,,,
3500,0.05802971497178078,0.09856504201889038,1.793870449066162,786708.0,0.2603840231895447,,,,,
3600,0.011814777739346027,0.03256653994321823,1.793870449066162,786708.0,0.11524778604507446,,,,,
3700,0.025966549292206764,0.05969550088047981,1.793870449066162,826043.0,0.19429749250411987,,,,,
3800,0.06680827587842941,0.08476979285478592,1.793870449066162,826043.0,0.1562989354133606,,,,,
3900,0.030821969732642174,0.06034344807267189,1.793870449066162,867345.0,0.17811453342437744,,,,,
4000,0.10130277276039124,0.13312861323356628,1.943368911743164,867345.0,0.2601158022880554,,,,,
4100,0.03442620486021042,0.056749697774648666,1.943368911743164,910712.0,0.14574402570724487,,,,,
4200,0.012209807522594929,0.02609466388821602,1.943368911743164,910712.0,0.08133155107498169,,,,,
4300,0.055871669203042984,0.10925932973623276,1.943368911743164,956247.0,0.32251131534576416,,,,,
4400,0.0409369096159935,0.07984376698732376,1.943368911743164,956247.0,0.2351703643798828,,,,,
4500,0.04533795267343521,0.07082832604646683,1.943368911743164,1004059.0,0.17249661684036255,,,,,
4600,0.04442531242966652,0.062680684030056,1.943368911743164,1004059.0,0.1354074478149414,,,,,
4700,0.008526170626282692,0.028701120987534523,1.943368911743164,1054261.0,0.10911625623703003,,,,,
4800,0.014871463179588318,0.03547224774956703,1.943368911743164,1054261.0,0.11758804321289062,,,,,
4900,0.02168942615389824,0.05406595766544342,1.943368911743164,1106974.0,0.18329763412475586,,,,,
5000,0.01410021260380745,0.03567599132657051,2.1043128967285156,1106974.0,0.12170112133026123,,,,,
5100,0.01012570969760418,0.024489356204867363,2.1043128967285156,1162322.0,0.08167499303817749,,,,,
5200,0.03971828147768974,0.066954106092453,2.1043128967285156,1162322.0,0.17562496662139893,,,,,
5300,0.02457873336970806,0.06241085007786751,2.1043128967285156,1220438.0,0.2134770154953003,,,,,
5400,0.027777941897511482,0.052262887358665466,2.1043128967285156,1220438.0,0.14993655681610107,,,,,
5500,0.0315713956952095,0.05630239099264145,2.1043128967285156,1281459.0,0.15496259927749634,,,,,
5600,0.02295510470867157,0.036890480667352676,2.1043128967285156,1281459.0,0.09236496686935425,,,,,
5700,0.06915003061294556,0.09710172563791275,2.1043128967285156,1345531.0,0.2086504101753235,,,,,
5800,0.038103681057691574,0.06723813712596893,2.1043128967285156,1345531.0,0.18351364135742188,,,,,
5900,0.03311625123023987,0.07812786102294922,2.1043128967285156,1412807.0,0.25792068243026733,,,,,
6000,0.02747981809079647,0.05853733420372009,2.3397722244262695,1412807.0,0.18251144886016846,,,,,
6100,0.04364683851599693,0.12177537381649017,2.3397722244262695,1483447.0,0.4340464472770691,,,,,
6200,0.016613898798823357,0.026845425367355347,2.3397722244262695,1483447.0,0.06752526760101318,,,,,
6300,0.019492458552122116,0.04412025213241577,2.3397722244262695,1557619.0,0.14238345623016357,,,,,
6400,0.03697677329182625,0.10417401790618896,2.3397722244262695,1557619.0,0.37271207571029663,,,,,
6500,0.026702990755438805,0.06289473176002502,2.3788914680480957,1635499.0,0.20740866661071777,,,,,
6600,0.012583003379404545,0.03592604026198387,2.3788914680480957,1635499.0,0.12904399633407593,,,,,
6700,0.06407659500837326,0.11938726902008057,2.4806036949157715,1717273.0,0.34038716554641724,,,,,
6800,0.0430419035255909,0.07124727219343185,2.4806036949157715,1717273.0,0.18382197618484497,,,,,
6900,0.02763557620346546,0.041871577501297,2.583573818206787,1803136.0,0.09858596324920654,,,,,
7000,0.015249566175043583,0.038595885038375854,2.635786533355713,1803136.0,0.1317480206489563,,,,,
7100,0.029076803475618362,0.0639440044760704,2.8966288566589355,1893292.0,0.20318371057510376,,,,,
7200,0.04370063915848732,0.08786095678806305,2.8966288566589355,1893292.0,0.26426929235458374,,,,,
7300,0.01268980372697115,0.0211623664945364,3.1259384155273438,1987956.0,0.05481988191604614,,,,,
7400,0.01588263362646103,0.030380135402083397,3.1259384155273438,1987956.0,0.0881354808807373,,,,,
7500,0.010402797721326351,0.02543707750737667,3.223567485809326,2087353.0,0.0853492021560669,,,,,
7600,0.06049947440624237,0.13395214080810547,3.223567485809326,2087353.0,0.4275349974632263,,,,,
7700,0.0340767540037632,0.05283644422888756,3.353355884552002,2191720.0,0.12765216827392578,,,,,
7800,0.04893893748521805,0.09996633231639862,3.353355884552002,2191720.0,0.30385005474090576,,,,,
7900,0.043235186487436295,0.08904251456260681,3.4511380195617676,2301306.0,0.27204835414886475,,,,,
8000,0.03878868371248245,0.0669097900390625,3.4511380195617676,2301306.0,0.1791662573814392,,,,,
8100,0.05489204823970795,0.09819923341274261,3.4511380195617676,2416371.0,0.27120447158813477,,,,,
8200,0.005758610554039478,0.01696259342133999,3.4511380195617676,2416371.0,0.061552345752716064,,,,,
8300,0.02521345764398575,0.04396674036979675,3.4511380195617676,2537189.0,0.11876028776168823,,,,,
8400,0.009074290283024311,0.021095583215355873,3.4511380195617676,2537189.0,0.06895864009857178,,,,,
8500,0.017439767718315125,0.03683599457144737,3.64925479888916,2664048.0,0.11420297622680664,,,,,
8600,0.019800923764705658,0.04677296429872513,3.64925479888916,2664048.0,0.15444135665893555,,,,,
8700,0.007958153262734413,0.025329984724521637,3.667402744293213,2797250.0,0.09461194276809692,,,,,
8800,0.0643630176782608,0.07941210269927979,3.667402744293213,2797250.0,0.1393992304801941,,,,,
8900,0.02573395147919655,0.055749885737895966,3.9192986488342285,2937112.0,0.17561131715774536,,,,,
9000,0.026862213388085365,0.05339370295405388,3.9192986488342285,2937112.0,0.15931373834609985,,,,,
9100,0.03227763622999191,0.06395339220762253,4.361692905426025,3083967.0,0.1904563307762146,,,,,
9200,0.026931239292025566,0.04610918089747429,4.361692905426025,3083967.0,0.12261790037155151,,,,,
9300,0.020409155637025833,0.047994475811719894,4.361692905426025,3238165.0,0.15814191102981567,,,,,
9400,0.05251927673816681,0.08955714106559753,4.361692905426025,3238165.0,0.2375110387802124,,,,,
9500,0.027967864647507668,0.051764052361249924,4.404666423797607,3400073.0,0.14676296710968018,,,,,
9600,0.02642318420112133,0.05164225026965141,4.404666423797607,3400073.0,0.15232890844345093,,,,,
9700,0.014420189894735813,0.031064055860042572,4.587403297424316,3570076.0,0.09745383262634277,,,,,
9800,0.028383618220686913,0.05686578154563904,4.587403297424316,3570076.0,0.17060470581054688,,,,,
9900,0.051332276314496994,0.10395082086324692,4.920259952545166,3748579.0,0.3142404556274414,,,,,
10000,0.033639032393693924,0.05365118011832237,4.920259952545166,3748579.0,0.1335117220878601,,,,,
10100,0.032687023282051086,0.07191485166549683,5.070333480834961,3936007.0,0.2286474108695984,,,,,
10200,0.045382965356111526,0.060662586241960526,5.070333480834961,3936007.0,0.12159812450408936,,,,,
10300,0.024924591183662415,0.06677322834730148,5.353063583374023,4132807.0,0.23399478197097778,,,,,
10400,0.04314456507563591,0.08592654019594193,5.353063583374023,4132807.0,0.25687772035598755,,,,,
10500,0.04787610098719597,0.059872034937143326,5.66024923324585,4339447.0,0.10767793655395508,,,,,
10600,0.00891128834336996,0.025093240663409233,5.66024923324585,4339447.0,0.08963930606842041,,,,,
10700,0.022357884794473648,0.04152906313538551,5.897679805755615,4556419.0,0.11803388595581055,,,,,
10800,0.028740450739860535,0.054707322269678116,5.897679805755615,4556419.0,0.1583923101425171,,,,,
10900,0.04774189740419388,0.09518641978502274,6.088416576385498,4784239.0,0.28479450941085815,,,,,
11000,0.019723864272236824,0.04888652637600899,6.088416576385498,4784239.0,0.16536349058151245,,,,,
11100,0.04515061154961586,0.0661357194185257,6.788985729217529,5000000.0,0.1499069333076477,,,,,
11200,0.00756553141400218,0.023063281551003456,6.788985729217529,5000000.0,0.08488154411315918,,,,,
11300,0.03373943269252777,0.06493744254112244,6.788985729217529,5000000.0,0.18955731391906738,,,,,
11400,0.06891830265522003,0.11457604914903641,6.788985729217529,5000000.0,0.29703080654144287,,,,,
11500,0.021169688552618027,0.05027705803513527,6.788985729217529,5000000.0,0.16652941703796387,,,,,
11600,0.019282134249806404,0.05724416673183441,6.788985729217529,5000000.0,0.20891225337982178,,,,,
11700,0.012407063506543636,0.03193483129143715,6.788985729217529,5000000.0,0.10986608266830444,,,,,
11800,0.028584390878677368,0.052675943821668625,6.788985729217529,5000000.0,0.14886045455932617,,,,,
11900,0.04819686338305473,0.07122769951820374,6.788985729217529,5000000.0,0.16317343711853027,,,,,
12000,0.05497073382139206,0.07364783436059952,6.788985729217529,5000000.0,0.14817625284194946,,,,,
12100,0.018724296241998672,0.06185656040906906,6.788985729217529,5000000.0,0.2342098355293274,,,,,
12200,0.02832638844847679,0.06205158680677414,6.788985729217529,5000000.0,0.19677305221557617,,,,,
12300,0.019346846267580986,0.04572226479649544,6.788985729217529,5000000.0,0.15104365348815918,,,,,
12400,0.017302686348557472,0.03288828581571579,6.788985729217529,5000000.0,0.09504872560501099,,,,,
12500,0.04554563760757446,0.06393012404441833,6.788985729217529,5000000.0,0.13728582859039307,,,,,
12600,0.02253834344446659,0.0347144715487957,6.788985729217529,5000000.0,0.08323442935943604,,,,,
12700,0.02800098992884159,0.05847049131989479,6.788985729217529,5000000.0,0.18017041683197021,,,,,
12800,0.03268664702773094,0.0670766606926918,6.788985729217529,5000000.0,0.20445698499679565,,,,,
12900,0.027742505073547363,0.057599540799856186,6.788985729217529,5000000.0,0.17685091495513916,,,,,
13000,0.010816755704581738,0.03557233139872551,6.788985729217529,5000000.0,0.13441485166549683,,,,,
13100,0.06478355079889297,0.08754981309175491,6.788985729217529,5000000.0,0.1784365177154541,,,,,
13200,0.04144292697310448,0.07114417105913162,6.788985729217529,5000000.0,0.1897680163383484,,,,,
13300,0.023534508422017097,0.06760255992412567,6.788985729217529,5000000.0,0.2436930537223816,,,,,
13400,0.012271477840840816,0.027239639312028885,6.788985729217529,5000000.0,0.08692765235900879,,,,,
13500,0.022381197661161423,0.05508514121174812,6.788985729217529,5000000.0,0.18571847677230835,,,,,
13600,0.02011950872838497,0.030117956921458244,6.788985729217529,5000000.0,0.06992709636688232,,,,,
13700,0.030918754637241364,0.0424477756023407,6.788985729217529,5000000.0,0.08838105201721191,,,,,
13800,0.033610861748456955,0.05350073054432869,6.788985729217529,5000000.0,0.13287466764450073,,,,,
13900,0.03864851966500282,0.08095773309469223,6.788985729217529,5000000.0,0.2500128746032715,,,,,
14000,0.020337646827101707,0.04189881309866905,6.788985729217529,5000000.0,0.12795954942703247,,,,,
14100,0.04878237843513489,0.08910223841667175,6.788985729217529,5000000.0,0.2502005696296692,,,,,
14200,0.021062228828668594,0.05090915411710739,6.788985729217529,5000000.0,0.17011404037475586,,,,,
14300,0.018787875771522522,0.04113176092505455,6.788985729217529,5000000.0,0.1303269863128662,,,,,
14400,0.0351719856262207,0.07017626613378525,6.788985729217529,5000000.0,0.21001017093658447,,,,,
14500,0.008064928464591503,0.025284871459007263,6.788985729217529,5000000.0,0.09398096799850464,,,,,
14600,0.02916647307574749,0.06489423662424088,6.788985729217529,5000000.0,0.20761823654174805,,,,,
14700,0.03534604609012604,0.050503894686698914,6.788985729217529,5000000.0,0.11094701290130615,,,,,
14800,0.019003277644515038,0.04173392057418823,6.788985729217529,5000000.0,0.1324666142463684,,,,,
14900,0.024601178243756294,0.0477764867246151,6.788985729217529,5000000.0,0.1402909755706787,,,,,
15000,0.05502232909202576,0.07503551989793777,6.788985729217529,5000000.0,0.15489816665649414,,,,,
15100,0.04036892205476761,0.06842675805091858,6.788985729217529,5000000.0,0.18046975135803223,,,,,
15200,0.01871468685567379,0.042661238461732864,6.788985729217529,5000000.0,0.1382567286491394,,,,,
15300,0.019825870171189308,0.039284221827983856,6.788985729217529,5000000.0,0.11692988872528076,,,,,
15400,0.020319247618317604,0.03147434443235397,6.788985729217529,5000000.0,0.0759049654006958,,,,,
15500,0.009007717482745647,0.018487598747015,6.788985729217529,5000000.0,0.056217730045318604,,,,,
15600,0.052801743149757385,0.11923504620790482,6.788985729217529,5000000.0,0.3847757577896118,,,,,
15700,0.050622109323740005,0.0946611538529396,6.788985729217529,5000000.0,0.2706299424171448,,,,,
15800,0.021906297653913498,0.05341650918126106,6.788985729217529,5000000.0,0.17926692962646484,,,,,
15900,0.030602551996707916,0.053805623203516006,6.788985729217529,5000000.0,0.14643073081970215,,,,,
16000,0.018353383988142014,0.05394117161631584,6.788985729217529,5000000.0,0.19610249996185303,,,,,
16100,0.05257871001958847,0.07027328014373779,6.788985729217529,5000000.0,0.14085978269577026,,,,,
16200,0.029193544760346413,0.07061120867729187,6.788985729217529,5000000.0,0.23608827590942383,,,,,
16300,0.03838442638516426,0.05103914812207222,6.788985729217529,5000000.0,0.10146892070770264,,,,,
16400,0.015197639353573322,0.037733156234025955,6.788985729217529,5000000.0,0.1276828646659851,,,,,
16500,0.022255992516875267,0.0459381528198719,6.788985729217529,5000000.0,0.1404857635498047,,,,,
16600,0.01772468350827694,0.03732791170477867,6.788985729217529,5000000.0,0.11555629968643188,,,,,
16700,0.015131351538002491,0.03797857463359833,6.788985729217529,5000000.0,0.12918061017990112,,,,,
16800,0.019496500492095947,0.038966771215200424,6.788985729217529,5000000.0,0.1166570782661438,,,,,
16900,0.037227947264909744,0.07341775298118591,6.788985729217529,5000000.0,0.2179865837097168,,,,,
17000,0.04177515208721161,0.09220810979604721,6.788985729217529,5000000.0,0.2937472462654114,,,,,
17100,0.03713985159993172,0.05518262833356857,6.788985729217529,5000000.0,0.12716412544250488,,,,,
17200,0.03816995024681091,0.08745677024126053,6.788985729217529,5000000.0,0.2844120264053345,,,,,
17300,0.024449963122606277,0.050802454352378845,6.788985729217529,5000000.0,0.15602350234985352,,,,,
17400,0.013452964834868908,0.04514441639184952,6.788985729217529,5000000.0,0.17171770334243774,,,,,
17500,0.01560478750616312,0.04564153403043747,6.788985729217529,5000000.0,0.16560018062591553,,,,,
17600,0.02449842542409897,0.056158773601055145,6.788985729217529,5000000.0,0.1826087236404419,,,,,
17700,0.04193168878555298,0.06261353939771652,6.788985729217529,5000000.0,0.14514875411987305,,,,,
17800,0.04878046736121178,0.0681878998875618,6.788985729217529,5000000.0,0.14562159776687622,,,,,
17900,0.020007524639368057,0.0536794438958168,6.788985729217529,5000000.0,0.18817287683486938,,,,,
18000,0.023912230506539345,0.04561110958456993,6.788985729217529,5000000.0,0.13221019506454468,,,,,
18100,0.02927529066801071,0.06666587293148041,6.788985729217529,5000000.0,0.2160336971282959,,,,,
18200,0.04145827144384384,0.10903573036193848,6.788985729217529,5000000.0,0.37914931774139404,,,,,
18300,0.042743533849716187,0.08670403808355331,6.788985729217529,5000000.0,0.2623494267463684,,,,,
18400,0.04696802794933319,0.10019289702177048,6.788985729217529,5000000.0,0.31289416551589966,,,,,
18500,0.03124174289405346,0.05482188239693642,6.788985729217529,5000000.0,0.14894407987594604,,,,,
18600,0.020161155611276627,0.04454252868890762,6.788985729217529,5000000.0,0.1418670415878296,,,,,
18700,0.024388030171394348,0.0776297003030777,6.788985729217529,5000000.0,0.2903944253921509,,,,,
18800,0.010319432243704796,0.028934039175510406,6.788985729217529,5000000.0,0.10318934917449951,,,,,
18900,0.051160480827093124,0.1095302551984787,6.788985729217529,5000000.0,0.3428073525428772,,,,,
19000,0.044951532036066055,0.08044886589050293,6.788985729217529,5000000.0,0.2222328782081604,,,,,
19100,0.01339135505259037,0.038159240037202835,6.788985729217529,5000000.0,0.1370297074317932,,,,,
19200,0.026649266481399536,0.07081152498722076,6.788985729217529,5000000.0,0.24725764989852905,,,,,
19300,0.0352819487452507,0.06087243929505348,6.788985729217529,5000000.0,0.16302889585494995,,,,,
19400,0.04373481124639511,0.09123959392309189,6.788985729217529,5000000.0,0.2810506224632263,,,,,
19500,0.04921676963567734,0.08857972919940948,6.788985729217529,5000000.0,0.2458222508430481,,,,,
19600,0.03602229803800583,0.06703504174947739,6.788985729217529,5000000.0,0.1908748745918274,,,,,
19700,0.012999542988836765,0.027601635083556175,6.788985729217529,5000000.0,0.08580148220062256,,,,,
19800,0.02884053997695446,0.046453818678855896,6.788985729217529,5000000.0,0.116696298122406,,,,,
19900,0.009607325308024883,0.030745437368750572,6.788985729217529,5000000.0,0.11508572101593018,,,,,
20000,0.0173721294850111,0.030740154907107353,6.788985729217529,5000000.0,0.08399862051010132,,,,,
20100,0.01613558642566204,0.03663457930088043,6.788985729217529,5000000.0,0.11841517686843872,,,,,
20200,0.013230410404503345,0.04140137881040573,6.788985729217529,5000000.0,0.15386837720870972,,,,,
20300,0.04840197414159775,0.06285703182220459,6.788985729217529,5000000.0,0.12045878171920776,,,,,
20400,0.038589321076869965,0.08445867896080017,6.788985729217529,5000000.0,0.2677169442176819,,,,,
20500,0.04046064242720604,0.07436898350715637,6.788985729217529,5000000.0,0.20978426933288574,,,,,
20600,0.01473008468747139,0.030067285522818565,6.788985729217529,5000000.0,0.0911974310874939,,,,,
20700,0.03054308332502842,0.050785601139068604,6.788985729217529,5000000.0,0.13153743743896484,,,,,
20800,0.051606424152851105,0.10205935686826706,6.788985729217529,5000000.0,0.3036516308784485,,,,,
20900,0.02759316749870777,0.0601310208439827,6.788985729217529,5000000.0,0.1900625228881836,,,,,
21000,0.01382974162697792,0.032994870096445084,6.788985729217529,5000000.0,0.10943317413330078,,,,,
21100,0.03809225186705589,0.07739932835102081,6.788985729217529,5000000.0,0.23440897464752197,,,,,
21200,0.013271687552332878,0.03140195086598396,6.788985729217529,5000000.0,0.10370224714279175,,,,,
21300,0.016053512692451477,0.0366300605237484,6.788985729217529,5000000.0,0.11871731281280518,,,,,
21400,0.0313212014734745,0.06745914369821548,6.788985729217529,5000000.0,0.21178960800170898,,,,,
21500,0.023894062265753746,0.032290007919073105,6.788985729217529,5000000.0,0.06565654277801514,,,,,
21600,0.0171660128980875,0.035505637526512146,6.788985729217529,5000000.0,0.10864430665969849,,,,,
21700,0.05066261813044548,0.07512180507183075,6.788985729217529,5000000.0,0.17274117469787598,,,,,
21800,0.005088643170893192,0.011795115657150745,6.788985729217529,5000000.0,0.03840106725692749,,,,,
21900,0.007578778546303511,0.022858750075101852,6.788985729217529,5000000.0,0.08376049995422363,,,,,
22000,0.039578113704919815,0.0804375484585762,6.788985729217529,5000000.0,0.24365490674972534,,,,,
22100,0.04617423191666603,0.0882488563656807,6.788985729217529,5000000.0,0.2563280463218689,,,,,
22200,0.005738474428653717,0.017927395179867744,6.788985729217529,5000000.0,0.06646078824996948,,,,,
22300,0.012773948721587658,0.02830137312412262,6.788985729217529,5000000.0,0.09018874168395996,,,,,
22400,0.008396471850574017,0.037982646375894547,6.788985729217529,5000000.0,0.156103253364563,,,,,
22500,0.02343476191163063,0.04252795875072479,6.788985729217529,5000000.0,0.11868101358413696,,,,,
22600,0.0353039987385273,0.0726478323340416,6.788985729217529,5000000.0,0.22179973125457764,,,,,
22700,0.03732471540570259,0.08563577383756638,6.788985729217529,5000000.0,0.27865856885910034,,,,,
22800,0.031773023307323456,0.07256068289279938,6.788985729217529,5000000.0,0.235487699508667,,,,,
22900,0.04695877060294151,0.07175365090370178,6.788985729217529,5000000.0,0.1707112193107605,,,,,
23000,0.034532688558101654,0.0779605507850647,6.788985729217529,5000000.0,0.2514483332633972,,,,,
23100,0.00889919139444828,0.023335956037044525,6.788985729217529,5000000.0,0.08086174726486206,,,,,
23200,0.038374677300453186,0.07756491750478745,6.788985729217529,5000000.0,0.23410147428512573,,,,,
23300,0.04191264137625694,0.061190102249383926,6.788985729217529,5000000.0,0.13807588815689087,,,,,
23400,0.026041721925139427,0.03761705756187439,6.788985729217529,5000000.0,0.08369266986846924,,,,,
23500,0.012336019426584244,0.0318734310567379,6.788985729217529,5000000.0,0.10979962348937988,,,,,
23600,0.014822658151388168,0.02921317145228386,6.788985729217529,5000000.0,0.08654940128326416,,,,,
23700,0.025334376841783524,0.047441042959690094,6.788985729217529,5000000.0,0.13564497232437134,,,,,
23800,0.017991092056035995,0.03933064267039299,6.788985729217529,5000000.0,0.1244627833366394,,,,,
23900,0.034361425787210464,0.04714352637529373,6.788985729217529,5000000.0,0.0980486273765564,,,,,
24000,0.012703140266239643,0.02872118167579174,6.788985729217529,5000000.0,0.09256738424301147,,,,,
24100,0.03065047785639763,0.043619606643915176,6.788985729217529,5000000.0,0.09527051448822021,,,,,
24200,0.01810505799949169,0.031891923397779465,6.788985729217529,5000000.0,0.08681052923202515,,,,,
24300,0.03892768174409866,0.08744895458221436,6.788985729217529,5000000.0,0.28130561113357544,,,,,
24400,0.020913492888212204,0.04493945837020874,6.788985729217529,5000000.0,0.14081305265426636,,,,,
24500,0.01966092549264431,0.029662737622857094,6.788985729217529,5000000.0,0.06944108009338379,,,,,
24600,0.023909064009785652,0.04847382381558418,6.788985729217529,5000000.0,0.14650124311447144,,,,,
24700,0.010958615690469742,0.026897046715021133,6.788985729217529,5000000.0,0.0904167890548706,,,,,
24800,0.007248473819345236,0.024101126939058304,6.788985729217529,5000000.0,0.09127569198608398,,,,,
24900,0.019339554011821747,0.06115447357296944,6.788985729217529,5000000.0,0.22817856073379517,,,,,
25000,0.020825469866394997,0.03651328757405281,6.788985729217529,5000000.0,0.09902781248092651,,,,,
25100,0.016490120440721512,0.025430649518966675,6.788985729217529,5000000.0,0.06095564365386963,,,,,
25200,0.02432592585682869,0.04869411140680313,6.788985729217529,5000000.0,0.14592820405960083,,,,,
25300,0.0278986357152462,0.04497786611318588,6.788985729217529,5000000.0,0.11305803060531616,,,,,
25400,0.03968817740678787,0.050821658223867416,6.788985729217529,5000000.0,0.09511750936508179,,,,,
25500,0.0165691040456295,0.03984174132347107,6.788985729217529,5000000.0,0.1326945424079895,,,,,
25600,0.04295506700873375,0.08949116617441177,6.788985729217529,5000000.0,0.27539676427841187,,,,,
25700,0.015535908751189709,0.040773458778858185,6.788985729217529,5000000.0,0.14148640632629395,,,,,
25800,0.00415024533867836,0.012409747578203678,6.788985729217529,5000000.0,0.04520845413208008,,,,,
25900,0.011817448772490025,0.029840907081961632,6.788985729217529,5000000.0,0.10169321298599243,,,,,
26000,0.013420754112303257,0.033440519124269485,6.788985729217529,5000000.0,0.11327570676803589,,,,,
26100,0.013644848950207233,0.03246799483895302,6.788985729217529,5000000.0,0.10751724243164062,,,,,
26200,0.016525523737072945,0.03140924870967865,6.788985729217529,5000000.0,0.09069949388504028,,,,,
26300,0.016689857468008995,0.037822578102350235,6.788985729217529,5000000.0,0.12210953235626221,,,,,
26400,0.01930050551891327,0.040610115975141525,6.788985729217529,5000000.0,0.12560343742370605,,,,,
26500,0.015823334455490112,0.03694866970181465,6.788985729217529,5000000.0,0.12120318412780762,,,,,
26600,0.011637886986136436,0.024959444999694824,6.788985729217529,5000000.0,0.07799750566482544,,,,,
26700,0.040127113461494446,0.09012158215045929,6.788985729217529,5000000.0,0.28985410928726196,,,,,
26800,0.025202805176377296,0.057608574628829956,6.788985729217529,5000000.0,0.18698465824127197,,,,,
26900,0.0437980554997921,0.0537140890955925,6.788985729217529,5000000.0,0.0931348204612732,,,,,
27000,0.012607157230377197,0.03562166914343834,6.788985729217529,5000000.0,0.12743347883224487,,,,,
27100,0.022936396300792694,0.03836274519562721,6.788985729217529,5000000.0,0.09982293844223022,,,,,
27200,0.018035536631941795,0.03611384704709053,6.788985729217529,5000000.0,0.10817933082580566,,,,,
27300,0.02459644339978695,0.03987766429781914,6.788985729217529,5000000.0,0.10075521469116211,,,,,
27400,0.01928226836025715,0.03688666597008705,6.788985729217529,5000000.0,0.10705369710922241,,,,,
27500,0.00977991707623005,0.0282834991812706,6.788985729217529,5000000.0,0.1020476222038269,,,,,
27600,0.016367122530937195,0.02677401341497898,6.788985729217529,5000000.0,0.06814932823181152,,,,,
27700,0.031299758702516556,0.059324461966753006,6.788985729217529,5000000.0,0.1711721420288086,,,,,
27800,0.008018018677830696,0.025553567335009575,6.788985729217529,5000000.0,0.0954427719116211,,,,,
27900,0.0196538046002388,0.044981200248003006,6.788985729217529,5000000.0,0.1460387110710144,,,,,
28000,0.02293296530842781,0.03656119853258133,6.788985729217529,5000000.0,0.09081989526748657,,,,,
28100,0.0088915741071105,0.022489238530397415,6.788985729217529,5000000.0,0.07662612199783325,,,,,
28200,0.029282068833708763,0.055207252502441406,6.788985729217529,5000000.0,0.1586529016494751,,,,,
28300,0.029226472601294518,0.04937092587351799,6.788985729217529,5000000.0,0.12969321012496948,,,,,
28400,0.02812774106860161,0.0391632616519928,6.788985729217529,5000000.0,0.08304792642593384,,,,,
28500,0.029898518696427345,0.05250323563814163,6.788985729217529,5000000.0,0.1426640748977661,,,,,
28600,0.01403323095291853,0.02919136919081211,6.788985729217529,5000000.0,0.08956354856491089,,,,,
28700,0.03372638672590256,0.05710284784436226,6.788985729217529,5000000.0,0.15034979581832886,,,,,
28800,0.033743612468242645,0.06420399248600006,6.788985729217529,5000000.0,0.1857844591140747,,,,,
28900,0.016555503010749817,0.03648356720805168,6.788985729217529,5000000.0,0.11593598127365112,,,,,
29000,0.020967567339539528,0.04981556534767151,6.788985729217529,5000000.0,0.16494536399841309,,,,,
29100,0.006595493294298649,0.01813705824315548,6.788985729217529,5000000.0,0.06404381990432739,,,,,
29200,0.024298442527651787,0.04659527167677879,6.788985729217529,5000000.0,0.13552165031433105,,,,,
29300,0.01880425401031971,0.03810493275523186,6.788985729217529,5000000.0,0.11504632234573364,,,,,
29400,0.044610630720853806,0.0772394984960556,6.788985729217529,5000000.0,0.2074909806251526,,,,,
29500,0.0231110081076622,0.03803033009171486,6.788985729217529,5000000.0,0.09744298458099365,,,,,
29600,0.015873758122324944,0.029626993462443352,6.788985729217529,5000000.0,0.08437317609786987,,,,,
29700,0.0061605884693562984,0.015086052939295769,6.788985729217529,5000000.0,0.05052173137664795,,,,,
29800,0.019489185884594917,0.04295587167143822,6.788985729217529,5000000.0,0.13655555248260498,,,,,
29900,0.025718500837683678,0.052121955901384354,6.788985729217529,5000000.0,0.1574687361717224,,,,,
30000,0.04828086122870445,0.09152854979038239,6.788985729217529,5000000.0,0.26425111293792725,,,,,
30100,0.01695104129612446,0.03374095261096954,6.788985729217529,5000000.0,0.10063177347183228,,,,,
30200,0.016024239361286163,0.028048953041434288,6.788985729217529,5000000.0,0.07587701082229614,,,,,
30300,0.03265693783760071,0.055274274200201035,6.788985729217529,5000000.0,0.14547330141067505,,,,,
30400,0.037767522037029266,0.10079321265220642,6.788985729217529,5000000.0,0.35262393951416016,,,,,
30500,0.014387215487658978,0.037740372121334076,6.788985729217529,5000000.0,0.1308804154396057,,,,,
30600,0.009596934542059898,0.02335445210337639,6.788985729217529,5000000.0,0.07811093330383301,,,,,
30700,0.03594410791993141,0.07073085010051727,6.788985729217529,5000000.0,0.20960307121276855,,,,,
30800,0.014493543654680252,0.030692074447870255,6.788985729217529,5000000.0,0.09520947933197021,,,,,
30900,0.026855627074837685,0.05946871265769005,6.788985729217529,5000000.0,0.18964684009552002,,,,,
31000,0.03433358669281006,0.06538550555706024,6.788985729217529,5000000.0,0.1893167495727539,,,,,
31100,0.010884366929531097,0.026600193232297897,6.788985729217529,5000000.0,0.08918792009353638,,,,,
31200,0.030951915308833122,0.05604653060436249,6.788985729217529,5000000.0,0.1561477780342102,,,,,
31300,0.00855227094143629,0.044101882725954056,6.788985729217529,5000000.0,0.18602478504180908,,,,,
31400,0.021184314042329788,0.04053892940282822,6.788985729217529,5000000.0,0.11768084764480591,,,,,
31500,0.01931348256766796,0.03507052734494209,6.788985729217529,5000000.0,0.09782648086547852,,,,,
31600,0.04583404213190079,0.07228314131498337,6.788985729217529,5000000.0,0.17780572175979614,,,,,
31700,0.00732991611585021,0.01836654357612133,6.788985729217529,5000000.0,0.06223618984222412,,,,,
31800,0.007875395007431507,0.02123839408159256,6.788985729217529,5000000.0,0.07441258430480957,,,,,
31900,0.03953137993812561,0.08626095205545425,6.788985729217529,5000000.0,0.2729033827781677,,,,,
32000,0.010946816764771938,0.025805238634347916,6.788985729217529,5000000.0,0.08496087789535522,,,,,
32100,0.03472482040524483,0.07266261428594589,6.788985729217529,5000000.0,0.22413992881774902,,,,,
32200,0.02226138487458229,0.03412644565105438,6.788985729217529,5000000.0,0.08131062984466553,,,,,
32300,0.015655945986509323,0.03562627360224724,6.788985729217529,5000000.0,0.11523282527923584,,,,,
32400,0.032541852444410324,0.06154768168926239,6.788985729217529,5000000.0,0.17729490995407104,,,,,
32500,0.008209223859012127,0.029631752520799637,6.788985729217529,5000000.0,0.11504679918289185,,,,,
32600,0.011859703809022903,0.02492847666144371,6.788985729217529,5000000.0,0.0769263505935669,,,,,
32700,0.019258825108408928,0.043919242918491364,6.788985729217529,5000000.0,0.1422809362411499,,,,,
32800,0.007235503289848566,0.016815830022096634,6.788985729217529,5000000.0,0.05485498905181885,,,,,
32900,0.024453822523355484,0.04177543520927429,6.788985729217529,5000000.0,0.11078238487243652,,,,,
33000,0.014379042200744152,0.03286649286746979,6.788985729217529,5000000.0,0.10653454065322876,,,,,
33100,0.028451476246118546,0.05337323993444443,6.788985729217529,5000000.0,0.1527811884880066,,,,,
33200,0.021892167627811432,0.03166952356696129,6.788985729217529,5000000.0,0.07049787044525146,,,,,
33300,0.008969617076218128,0.022480754181742668,6.788985729217529,5000000.0,0.0762399435043335,,,,,
33400,0.005297769792377949,0.013870407827198505,6.788985729217529,5000000.0,0.047875046730041504,,,,,
33500,0.03412212058901787,0.06648752838373184,6.788985729217529,5000000.0,0.19566571712493896,,,,,
33600,0.008249913342297077,0.01942065730690956,6.788985729217529,5000000.0,0.06381863355636597,,,,,
33700,0.014287427999079227,0.04267708584666252,6.788985729217529,5000000.0,0.1559532880783081,,,,,
33800,0.02855299413204193,0.05847417935729027,6.788985729217529,5000000.0,0.17787456512451172,,,,,
33900,0.02440798282623291,0.08967211097478867,6.788985729217529,5000000.0,0.35044413805007935,,,,,
34000,0.036450184881687164,0.07297296822071075,6.788985729217529,5000000.0,0.21877843141555786,,,,,
34100,0.016838718205690384,0.04809951037168503,6.788985729217529,5000000.0,0.1728563904762268,,,,,
34200,0.013482221402227879,0.022334204986691475,6.788985729217529,5000000.0,0.05745476484298706,,,,,
34300,0.035557880997657776,0.07416795194149017,6.788985729217529,5000000.0,0.22831910848617554,,,,,
34400,0.009065834805369377,0.021399246528744698,6.788985729217529,5000000.0,0.07044011354446411,,,,,
34500,0.009753139689564705,0.02270302176475525,6.788985729217529,5000000.0,0.07421302795410156,,,,,
34600,0.04367990791797638,0.08584044128656387,6.788985729217529,5000000.0,0.2541912794113159,,,,,
34700,0.009725128300487995,0.026106681674718857,6.788985729217529,5000000.0,0.09134280681610107,,,,,
34800,0.033520009368658066,0.06467220932245255,6.788985729217529,5000000.0,0.1889883279800415,,,,,
34900,0.021935729309916496,0.04676249623298645,6.788985729217529,5000000.0,0.14577805995941162,,,,,
35000,0.00886814296245575,0.027704179286956787,6.788985729217529,5000000.0,0.10275453329086304,,,,,
35100,0.04104260355234146,0.07475174218416214,6.788985729217529,5000000.0,0.20929670333862305,,,,,
35200,0.011708702892065048,0.02797713503241539,6.788985729217529,5000000.0,0.09275680780410767,,,,,
35300,0.010828583501279354,0.030113298445940018,6.788985729217529,5000000.0,0.10695701837539673,,,,,
35400,0.03329043090343475,0.07315840572118759,6.788985729217529,5000000.0,0.2323341965675354,,,,,
35500,0.029283734038472176,0.057381030172109604,6.788985729217529,5000000.0,0.16947418451309204,,,,,
35600,0.009415354579687119,0.02292708121240139,6.788985729217529,5000000.0,0.0766763687133789,,,,,
35700,0.06588968634605408,0.10536836832761765,6.788985729217529,5000000.0,0.2629867196083069,,,,,
35800,0.016837019473314285,0.035917699337005615,6.788985729217529,5000000.0,0.11194193363189697,,,,,
35900,0.025437604635953903,0.04840689152479172,6.788985729217529,5000000.0,0.13998866081237793,,,,,
36000,0.01775292120873928,0.03856264054775238,6.788985729217529,5000000.0,0.12150335311889648,,,,,
36100,0.08732552826404572,0.10179044306278229,6.788985729217529,5000000.0,0.15935206413269043,,,,,
36200,0.005923558492213488,0.009938438422977924,6.788985729217529,5000000.0,0.025698065757751465,,,,,
36300,0.045088279992341995,0.065091572701931,6.788985729217529,5000000.0,0.14480972290039062,,,,,
36400,0.0070038423873484135,0.013705586083233356,6.788985729217529,5000000.0,0.04021531343460083,,,,,
36500,0.021879389882087708,0.04283134266734123,6.788985729217529,5000000.0,0.12634336948394775,,,,,
36600,0.029386082664132118,0.06083669513463974,6.788985729217529,5000000.0,0.18633997440338135,,,,,
36700,0.016832629218697548,0.03063991852104664,6.788985729217529,5000000.0,0.08557087182998657,,,,,
36800,0.020838739350438118,0.0458839014172554,6.788985729217529,5000000.0,0.1457640528678894,,,,,
36900,0.006615366321057081,0.018668562173843384,6.788985729217529,5000000.0,0.06658124923706055,,,,,
37000,0.008305146358907223,0.021316101774573326,6.788985729217529,5000000.0,0.07305824756622314,,,,,
37100,0.018970543518662453,0.04094809293746948,6.788985729217529,5000000.0,0.1285577416419983,,,,,
37200,0.012918311171233654,0.02599831111729145,6.788985729217529,5000000.0,0.07801556587219238,,,,,
37300,0.05596432089805603,0.10022880882024765,6.788985729217529,5000000.0,0.2769870162010193,,,,,
37400,0.07681148499250412,0.09929455816745758,6.788985729217529,5000000.0,0.18892568349838257,,,,,
37500,0.010319317691028118,0.022856952622532845,6.788985729217529,5000000.0,0.07271015644073486,,,,,
37600,0.052997034043073654,0.08324070274829865,6.788985729217529,5000000.0,0.20391517877578735,,,,,
37700,0.022907165810465813,0.03569807857275009,6.788985729217529,5000000.0,0.08656024932861328,,,,,
37800,0.03079926036298275,0.043052271008491516,6.788985729217529,5000000.0,0.09176069498062134,,,,,
37900,0.017512967810034752,0.04070809483528137,6.788985729217529,5000000.0,0.1331874132156372,,,,,
38000,0.01629466935992241,0.037125781178474426,6.788985729217529,5000000.0,0.12014597654342651,,,,,
38100,0.02139824815094471,0.045231033116579056,6.788985729217529,5000000.0,0.14026063680648804,,,,,
38200,0.01988380402326584,0.04559324309229851,6.788985729217529,5000000.0,0.1481282114982605,,,,,
38300,0.009361778385937214,0.02809934876859188,6.788985729217529,5000000.0,0.10274714231491089,,,,,
38400,0.037784356623888016,0.06861476600170135,6.788985729217529,5000000.0,0.1916324496269226,,,,,
38500,0.027683421969413757,0.05086809769272804,6.788985729217529,5000000.0,0.1433032751083374,,,,,
38600,0.024402013048529625,0.03482787683606148,6.788985729217529,5000000.0,0.07622545957565308,,,,,
38700,0.03129094839096069,0.042505260556936264,6.788985729217529,5000000.0,0.08705860376358032,,,,,
38800,0.025616267696022987,0.04284653067588806,6.788985729217529,5000000.0,0.1114618182182312,,,,,
38900,0.0055917007848620415,0.01368644181638956,6.788985729217529,5000000.0,0.04576098918914795,,,,,
39000,0.010900728404521942,0.024944936856627464,6.788985729217529,5000000.0,0.08081471920013428,,,,,
39100,0.027664590626955032,0.04392991587519646,6.788985729217529,5000000.0,0.10868459939956665,,,,,
39200,0.027187423780560493,0.046406593173742294,6.788985729217529,5000000.0,0.12297177314758301,,,,,
39300,0.01849718578159809,0.039118699729442596,6.788985729217529,5000000.0,0.12129247188568115,,,,,
39400,0.04182347655296326,0.0635630339384079,6.788985729217529,5000000.0,0.15020817518234253,,,,,
39500,0.0133031215518713,0.0213107168674469,6.788985729217529,5000000.0,0.053028643131256104,,,,,
39600,0.029453501105308533,0.06300076097249985,6.788985729217529,5000000.0,0.19687563180923462,,,,,
39700,0.008937639184296131,0.020117828622460365,6.788985729217529,5000000.0,0.0645245909690857,,,,,
39800,0.020037969574332237,0.032785456627607346,6.788985729217529,5000000.0,0.08345842361450195,,,,,
39900,0.02939075231552124,0.05437112972140312,6.788985729217529,5000000.0,0.1539762020111084,,,,,
40000,0.03360321372747421,0.049554016441106796,6.788985729217529,5000000.0,0.11303907632827759,,,,,
40100,0.04267013445496559,0.08145049959421158,6.788985729217529,5000000.0,0.23625516891479492,,,,,
40200,0.03217645362019539,0.05761634185910225,6.788985729217529,5000000.0,0.15905827283859253,,,,,
40300,0.05696822330355644,0.08127890527248383,6.788985729217529,5000000.0,0.17820614576339722,,,,,
40400,0.012567971833050251,0.023550504818558693,6.788985729217529,5000000.0,0.06716316938400269,,,,,
40500,0.00842271838337183,0.032355330884456635,6.788985729217529,5000000.0,0.12776529788970947,,,,,
40600,0.014946237206459045,0.029098117724061012,6.788985729217529,5000000.0,0.08538436889648438,,,,,
40700,0.008324822410941124,0.020661968737840652,6.788985729217529,5000000.0,0.06968879699707031,,,,,
40800,0.007054348476231098,0.01853952929377556,6.788985729217529,5000000.0,0.06415712833404541,,,,,
40900,0.006074880249798298,0.014573532156646252,6.788985729217529,5000000.0,0.04824662208557129,,,,,
41000,0.007915535010397434,0.022781429812312126,6.788985729217529,5000000.0,0.08192193508148193,,,,,
41100,0.02181198261678219,0.03238021209836006,6.788985729217529,5000000.0,0.07432729005813599,,,,,
41200,0.03883930668234825,0.08591383695602417,6.788985729217529,5000000.0,0.2738855481147766,,,,,
41300,0.011454724706709385,0.02881554327905178,6.788985729217529,5000000.0,0.09793299436569214,,,,,
41400,0.004968089517205954,0.014582812786102295,6.788985729217529,5000000.0,0.052715301513671875,,,,,
41500,0.033314693719148636,0.05650812387466431,6.788985729217529,5000000.0,0.14895707368850708,,,,,
41600,0.011198789812624454,0.0310829970985651,6.788985729217529,5000000.0,0.11029237508773804,,,,,
41700,0.009645350277423859,0.020788613706827164,6.788985729217529,5000000.0,0.06503403186798096,,,,,
41800,0.008984344080090523,0.02297656610608101,6.788985729217529,5000000.0,0.07861614227294922,,,,,
41900,0.012806439772248268,0.036363400518894196,6.788985729217529,5000000.0,0.130265474319458,,,,,
42000,0.016844235360622406,0.028313223272562027,6.788985729217529,5000000.0,0.07386124134063721,,,,,
42100,0.004273873288184404,0.011010522022843361,6.788985729217529,5000000.0,0.03763782978057861,,,,,
42200,0.03546738624572754,0.07853212207555771,6.788985729217529,5000000.0,0.2504681348800659,,,,,
42300,0.03140606731176376,0.03780760243535042,6.788985729217529,5000000.0,0.0630873441696167,,,,,
42400,0.03310142084956169,0.06072424724698067,6.788985729217529,5000000.0,0.17088663578033447,,,,,
42500,0.01119113527238369,0.025521231815218925,6.788985729217529,5000000.0,0.08251500129699707,,,,,
42600,0.020831355825066566,0.035163894295692444,6.788985729217529,5000000.0,0.09216481447219849,,,,,
42700,0.020543038845062256,0.030064724385738373,6.788985729217529,5000000.0,0.06782466173171997,,,,,
42800,0.03149109706282616,0.05603485554456711,6.788985729217529,5000000.0,0.15388083457946777,,,,,
42900,0.011368092149496078,0.03197412192821503,6.788985729217529,5000000.0,0.11406821012496948,,,,,
43000,0.0053206440061330795,0.014478941448032856,6.788985729217529,5000000.0,0.05078190565109253,,,,,
43100,0.02074955217540264,0.04076473042368889,6.788985729217529,5000000.0,0.12049305438995361,,,,,
43200,0.020029032602906227,0.03372034803032875,6.788985729217529,5000000.0,0.08815163373947144,,,,,
43300,0.01133696362376213,0.031913429498672485,6.788985729217529,5000000.0,0.11388665437698364,,,,,
43400,0.022128615528345108,0.04700362682342529,6.788985729217529,5000000.0,0.14616894721984863,,,,,
43500,0.010199322365224361,0.024331828579306602,6.788985729217529,5000000.0,0.08052927255630493,,,,,
43600,0.01180635578930378,0.028481731191277504,6.788985729217529,5000000.0,0.0948483943939209,,,,,
43700,0.02631138265132904,0.048976290971040726,6.788985729217529,5000000.0,0.13930153846740723,,,,,
43800,0.03228231146931648,0.06163625419139862,6.788985729217529,5000000.0,0.17871606349945068,,,,,
43900,0.009596320800483227,0.017812266945838928,6.788985729217529,5000000.0,0.05034369230270386,,,,,
44000,0.0271469559520483,0.049707476049661636,6.788985729217529,5000000.0,0.13961583375930786,,,,,
44100,0.019884729757905006,0.03342394530773163,6.788985729217529,5000000.0,0.08724939823150635,,,,,
44200,0.019891992211341858,0.041666608303785324,6.788985729217529,5000000.0,0.12843114137649536,,,,,
44300,0.018302254378795624,0.024904295802116394,6.788985729217529,5000000.0,0.05097752809524536,,,,,
44400,0.021554775536060333,0.03490092232823372,6.788985729217529,5000000.0,0.08794975280761719,,,,,
44500,0.011343715712428093,0.021234124898910522,6.788985729217529,5000000.0,0.06045961380004883,,,,,
44600,0.01391649805009365,0.020659083500504494,6.788985729217529,5000000.0,0.04729187488555908,,,,,
44700,0.032248131930828094,0.06460404396057129,6.788985729217529,5000000.0,0.19369179010391235,,,,,
44800,0.02056533843278885,0.040500178933143616,6.788985729217529,5000000.0,0.11990386247634888,,,,,
44900,0.01793617010116577,0.027100058272480965,6.788985729217529,5000000.0,0.06342047452926636,,,,,
45000,0.013506106100976467,0.0333685427904129,6.788985729217529,5000000.0,0.11248224973678589,,,,,
45100,0.012733200564980507,0.025778625160455704,6.788985729217529,5000000.0,0.07762205600738525,,,,,
45200,0.02659517712891102,0.04600208252668381,6.788985729217529,5000000.0,0.12329065799713135,,,,,
45300,0.009241876192390919,0.020266879349946976,6.788985729217529,5000000.0,0.06402671337127686,,,,,
45400,0.009806247428059578,0.029326189309358597,6.788985729217529,5000000.0,0.10706400871276855,,,,,
45500,0.008157199248671532,0.018699398264288902,6.788985729217529,5000000.0,0.06052500009536743,,,,,
45600,0.011003686115145683,0.02500777691602707,6.788985729217529,5000000.0,0.08067983388900757,,,,,
45700,0.011716034263372421,0.022143876180052757,6.788985729217529,5000000.0,0.06350988149642944,,,,,
45800,0.032320763915777206,0.0629759356379509,6.788985729217529,5000000.0,0.1852514147758484,,,,,
45900,0.022570503875613213,0.04382619261741638,6.788985729217529,5000000.0,0.12850242853164673,,,,,
46000,0.02801133319735527,0.05594215542078018,6.788985729217529,5000000.0,0.1673172116279602,,,,,
46100,0.004730576183646917,0.012318571098148823,6.788985729217529,5000000.0,0.0423237681388855,,,,,
46200,0.02705986052751541,0.05796610563993454,6.788985729217529,5000000.0,0.18124228715896606,,,,,
46300,0.01019941084086895,0.031442638486623764,6.788985729217529,5000000.0,0.11606723070144653,,,,,
46400,0.03435494378209114,0.04468536004424095,6.788985729217529,5000000.0,0.0856580138206482,,,,,
46500,0.015070412307977676,0.032174523919820786,6.788985729217529,5000000.0,0.10024231672286987,,,,,
46600,0.017275512218475342,0.04767231270670891,6.788985729217529,5000000.0,0.1689106822013855,,,,,
46700,0.011741428636014462,0.02673211134970188,6.788985729217529,5000000.0,0.08634626865386963,,,,,
46800,0.0235444325953722,0.037098564207553864,6.788985729217529,5000000.0,0.09096503257751465,,,,,
46900,0.01780550926923752,0.02707579731941223,6.788985729217529,5000000.0,0.06380689144134521,,,,,
47000,0.02897709049284458,0.08308650553226471,6.788985729217529,5000000.0,0.2991740107536316,,,,,
47100,0.012383054941892624,0.03560534864664078,6.788985729217529,5000000.0,0.12814146280288696,,,,,
47200,0.005990688689053059,0.016091467812657356,6.788985729217529,5000000.0,0.056140363216400146,,,,,
47300,0.00873503927141428,0.018811771646142006,6.788985729217529,5000000.0,0.05876648426055908,,,,,
47400,0.027218187227845192,0.042052119970321655,6.788985729217529,5000000.0,0.10103493928909302,,,,,
47500,0.02907366305589676,0.0571221299469471,6.788985729217529,5000000.0,0.16896438598632812,,,,,
47600,0.01805071346461773,0.028024576604366302,6.788985729217529,5000000.0,0.06756514310836792,,,,,
47700,0.012286496348679066,0.027546921744942665,6.788985729217529,5000000.0,0.08823502063751221,,,,,
47800,0.027505869045853615,0.03845109045505524,6.788985729217529,5000000.0,0.08187752962112427,,,,,
47900,0.015979798510670662,0.03720013052225113,6.788985729217529,5000000.0,0.12172961235046387,,,,,
48000,0.004407798405736685,0.009676309302449226,6.788985729217529,5000000.0,0.030396342277526855,,,,,
48100,0.026771552860736847,0.05106935277581215,6.788985729217529,5000000.0,0.14791065454483032,,,,,
48200,0.02126496471464634,0.06102786213159561,6.788985729217529,5000000.0,0.21972745656967163,,,,,
48300,0.030317243188619614,0.07969015091657639,6.788985729217529,5000000.0,0.2768288254737854,,,,,
48400,0.014427891001105309,0.032462216913700104,6.788985729217529,5000000.0,0.1042436957359314,,,,,
48500,0.01714818924665451,0.027050750330090523,6.788985729217529,5000000.0,0.0663074254989624,,,,,
48600,0.013276015408337116,0.033736489713191986,6.788985729217529,5000000.0,0.11522221565246582,,,,,
48700,0.010716596618294716,0.023197785019874573,6.788985729217529,5000000.0,0.0727657675743103,,,,,
48800,0.00900256633758545,0.01850161887705326,6.788985729217529,5000000.0,0.05613952875137329,,,,,
48900,0.029853878542780876,0.06184713542461395,6.788985729217529,5000000.0,0.18946373462677002,,,,,
49000,0.009845273569226265,0.015505900606513023,6.788985729217529,5000000.0,0.03779059648513794,,,,,
49100,0.01887589693069458,0.02962333709001541,6.788985729217529,5000000.0,0.07225567102432251,,,,,
49200,0.015903832390904427,0.033875711262226105,6.788985729217529,5000000.0,0.10540533065795898,,,,,
49300,0.05104796215891838,0.11267459392547607,6.788985729217529,5000000.0,0.35882318019866943,,,,,
49400,0.004969712346792221,0.013593247160315514,6.788985729217529,5000000.0,0.04772937297821045,,,,,
49500,0.01218758150935173,0.023262444883584976,6.788985729217529,5000000.0,0.06720596551895142,,,,,
49600,0.003481286345049739,0.012101533822715282,6.788985729217529,5000000.0,0.04622465372085571,,,,,
49700,0.008617362007498741,0.019644489511847496,6.788985729217529,5000000.0,0.06339746713638306,,,,,
49800,0.016377529129385948,0.038681238889694214,6.788985729217529,5000000.0,0.12753784656524658,,,,,
49900,0.009199884720146656,0.030297257006168365,6.788985729217529,5000000.0,0.11432516574859619,,,,,
50000,0.037117764353752136,0.05756545066833496,6.788985729217529,5000000.0,0.13899433612823486,,,,,
50100,0.029259636998176575,0.06122656911611557,6.788985729217529,5000000.0,0.18873250484466553,,,,,
50200,0.02687242440879345,0.055716678500175476,6.788985729217529,5000000.0,0.17073071002960205,,,,,
50300,0.09053599089384079,0.1377619355916977,6.788985729217529,5000000.0,0.32630079984664917,,,,,
50400,0.01767466403543949,0.030301744118332863,6.788985729217529,5000000.0,0.08044499158859253,,,,,
50500,0.020264070481061935,0.029575781896710396,6.788985729217529,5000000.0,0.06645762920379639,,,,,
50600,0.014061246067285538,0.02354983612895012,6.788985729217529,5000000.0,0.061138153076171875,,,,,
50700,0.027341067790985107,0.04094800353050232,6.788985729217529,5000000.0,0.09501010179519653,,,,,
50800,0.028990933671593666,0.04870936647057533,6.788985729217529,5000000.0,0.12721866369247437,,,,,
50900,0.02038494497537613,0.03212109953165054,6.788985729217529,5000000.0,0.0787000060081482,,,,,
51000,0.008727045729756355,0.018185840919613838,6.788985729217529,5000000.0,0.05565512180328369,,,,,
51100,0.015195118263363838,0.0371859073638916,6.788985729217529,5000000.0,0.12478238344192505,,,,,
51200,0.007564648054540157,0.013552571646869183,6.788985729217529,5000000.0,0.03713709115982056,,,,,
51300,0.006328419782221317,0.016110388562083244,6.788985729217529,5000000.0,0.05487161874771118,,,,,
51400,0.008473160676658154,0.019696693867444992,6.788985729217529,5000000.0,0.06422287225723267,,,,,
51500,0.0147011149674654,0.029980193823575974,6.788985729217529,5000000.0,0.09072840213775635,,,,,
51600,0.005731941666454077,0.013471173122525215,6.788985729217529,5000000.0,0.044059038162231445,,,,,
51700,0.017867060378193855,0.03679647296667099,6.788985729217529,5000000.0,0.11214447021484375,,,,,
51800,0.006797380745410919,0.018578199669718742,6.788985729217529,5000000.0,0.06533163785934448,,,,,
51900,0.02589280717074871,0.04534170404076576,6.788985729217529,5000000.0,0.12276744842529297,,,,,
52000,0.005174678284674883,0.010340704582631588,6.788985729217529,5000000.0,0.030635952949523926,,,,,
52100,0.04192585125565529,0.05456908047199249,6.788985729217529,5000000.0,0.10477304458618164,,,,,
52200,0.017320549115538597,0.027404997497797012,6.788985729217529,5000000.0,0.06737387180328369,,,,,
52300,0.005721112247556448,0.015708377584815025,6.788985729217529,5000000.0,0.05528801679611206,,,,,
52400,0.03188937157392502,0.06759906560182571,6.788985729217529,5000000.0,0.21006786823272705,,,,,
52500,0.025285860523581505,0.05592094361782074,6.788985729217529,5000000.0,0.17809152603149414,,,,,
52600,0.008467243053019047,0.01943151094019413,6.788985729217529,5000000.0,0.06291913986206055,,,,,
52700,0.0549129955470562,0.0784870982170105,6.788985729217529,5000000.0,0.17241281270980835,,,,,
52800,0.015048330649733543,0.0363968163728714,6.788985729217529,5000000.0,0.12142038345336914,,,,,
52900,0.02431548200547695,0.029922014102339745,6.788985729217529,5000000.0,0.051977455615997314,,,,,
53000,0.02699417993426323,0.05393628403544426,6.788985729217529,5000000.0,0.1613328456878662,,,,,
53100,0.012731588445603848,0.019643647596240044,6.788985729217529,5000000.0,0.04692000150680542,,,,,
53200,0.062232740223407745,0.08901636302471161,6.788985729217529,5000000.0,0.1957789659500122,,,,,
53300,0.004503621254116297,0.009614293463528156,6.788985729217529,5000000.0,0.029684722423553467,,,,,
53400,0.030720798298716545,0.07162043452262878,6.788985729217529,5000000.0,0.23484653234481812,,,,,
53500,0.01791122369468212,0.02690960466861725,6.788985729217529,5000000.0,0.06253093481063843,,,,,
53600,0.023643534630537033,0.04671857878565788,6.788985729217529,5000000.0,0.1386469006538391,,,,,
53700,0.026872878894209862,0.049416158348321915,6.788985729217529,5000000.0,0.13921761512756348,,,,,
53800,0.007243814878165722,0.034233007580041885,6.788985729217529,5000000.0,0.14181792736053467,,,,,
53900,0.009329643100500107,0.014328555203974247,6.788985729217529,5000000.0,0.03395116329193115,,,,,
54000,0.037193864583969116,0.06657224148511887,6.788985729217529,5000000.0,0.1837112307548523,,,,,
54100,0.04147818684577942,0.0673728659749031,6.788985729217529,5000000.0,0.1705775260925293,,,,,
54200,0.013857865706086159,0.032311007380485535,6.788985729217529,5000000.0,0.10574966669082642,,,,,
54300,0.010427544824779034,0.018632199615240097,6.788985729217529,5000000.0,0.051076650619506836,,,,,
54400,0.006383036263287067,0.014695864170789719,6.788985729217529,5000000.0,0.04757273197174072,,,,,
54500,0.026805508881807327,0.05319982022047043,6.788985729217529,5000000.0,0.15840297937393188,,,,,
54600,0.010300672613084316,0.021641632542014122,6.788985729217529,5000000.0,0.06663048267364502,,,,,
54700,0.014980563893914223,0.04152262210845947,6.788985729217529,5000000.0,0.14731615781784058,,,,,
54800,0.005109073128551245,0.011810063384473324,6.788985729217529,5000000.0,0.03823882341384888,,,,,
54900,0.03622252121567726,0.05623336136341095,6.788985729217529,5000000.0,0.1359022855758667,,,,,
55000,0.028792452067136765,0.07036175578832626,6.788985729217529,5000000.0,0.23626470565795898,,,,,
55100,0.020557725802063942,0.0385642945766449,6.788985729217529,5000000.0,0.11021512746810913,,,,,
55200,0.023762863129377365,0.050247885286808014,6.788985729217529,5000000.0,0.15581148862838745,,,,,
55300,0.014984437264502048,0.022763339802622795,6.788985729217529,5000000.0,0.05350303649902344,,,,,
55400,0.022538507357239723,0.03685746341943741,6.788985729217529,5000000.0,0.0937577486038208,,,,,
55500,0.022338630631566048,0.056606534868478775,6.788985729217529,5000000.0,0.19330298900604248,,,,,
55600,0.028594255447387695,0.05701185390353203,6.788985729217529,5000000.0,0.17030715942382812,,,,,
55700,0.02554701454937458,0.050931110978126526,6.788985729217529,5000000.0,0.15209096670150757,,,,,
55800,0.020340818911790848,0.03229841962456703,6.788985729217529,5000000.0,0.07975161075592041,,,,,
55900,0.008183648809790611,0.01441588718444109,6.788985729217529,5000000.0,0.03896826505661011,,,,,
56000,0.009344888851046562,0.018616551533341408,6.788985729217529,5000000.0,0.05532658100128174,,,,,
56100,0.08623117208480835,0.10155908763408661,6.788985729217529,5000000.0,0.16249454021453857,,,,,
56200,0.028978878632187843,0.06104562431573868,6.788985729217529,5000000.0,0.18893766403198242,,,,,
56300,0.018978765234351158,0.028598347678780556,6.788985729217529,5000000.0,0.06670194864273071,,,,,
56400,0.023350216448307037,0.04376782849431038,6.788985729217529,5000000.0,0.1250624656677246,,,,,
56500,0.031109081581234932,0.0653451606631279,6.788985729217529,5000000.0,0.20191335678100586,,,,,
56600,0.023360801860690117,0.04358147829771042,6.788985729217529,5000000.0,0.12408828735351562,,,,,
56700,0.020639026537537575,0.03592338785529137,6.788985729217529,5000000.0,0.09668421745300293,,,,,
56800,0.015396054834127426,0.042700402438640594,6.788985729217529,5000000.0,0.15154099464416504,,,,,
56900,0.028580572456121445,0.046237651258707047,6.788985729217529,5000000.0,0.11648887395858765,,,,,
57000,0.017546674236655235,0.030634280294179916,6.788985729217529,5000000.0,0.08260691165924072,,,,,
57100,0.0035961326211690903,0.008398191072046757,6.788985729217529,5000000.0,0.027227401733398438,,,,,
57200,0.03229565545916557,0.06687428057193756,6.788985729217529,5000000.0,0.20481061935424805,,,,,
57300,0.026470212265849113,0.03116019256412983,6.788985729217529,5000000.0,0.04954183101654053,,,,,
57400,0.012849745340645313,0.02901904657483101,6.788985729217529,5000000.0,0.09331798553466797,,,,,
57500,0.026143087074160576,0.06008617579936981,6.788985729217529,5000000.0,0.19548100233078003,,,,,
57600,0.016316352412104607,0.02769417315721512,6.788985729217529,5000000.0,0.0728272795677185,,,,,
57700,0.03839847072958946,0.06869728863239288,6.788985729217529,5000000.0,0.1895139217376709,,,,,
57800,0.05228211730718613,0.09467040747404099,6.788985729217529,5000000.0,0.2638452649116516,,,,,
57900,0.006384286563843489,0.017634401097893715,6.788985729217529,5000000.0,0.062256813049316406,,,,,
58000,0.012230140157043934,0.024443116039037704,6.788985729217529,5000000.0,0.07291662693023682,,,,,
58100,0.005867349449545145,0.014923643320798874,6.788985729217529,5000000.0,0.05077040195465088,,,,,
58200,0.019091488793492317,0.030435718595981598,6.788985729217529,5000000.0,0.07543432712554932,,,,,
58300,0.009477734565734863,0.02513115480542183,6.788985729217529,5000000.0,0.08736592531204224,,,,,
58400,0.0062538255006074905,0.01415344513952732,6.788985729217529,5000000.0,0.04537290334701538,,,,,
58500,0.025411413982510567,0.0437614768743515,6.788985729217529,5000000.0,0.11678236722946167,,,,,
58600,0.04851898178458214,0.08412110060453415,6.788985729217529,5000000.0,0.22615009546279907,,,,,
58700,0.027905160561203957,0.06131881847977638,6.788985729217529,5000000.0,0.19459426403045654,,,,,
58800,0.011086424812674522,0.030494624748826027,6.788985729217529,5000000.0,0.10774797201156616,,,,,
58900,0.041877005249261856,0.05904527008533478,6.788985729217529,5000000.0,0.1273384690284729,,,,,
59000,0.01849924586713314,0.03877510502934456,6.788985729217529,5000000.0,0.11949801445007324,,,,,
59100,0.0036301198415458202,0.008477979339659214,6.788985729217529,5000000.0,0.02748936414718628,,,,,
59200,0.007775604259222746,0.017341336235404015,6.788985729217529,5000000.0,0.05522334575653076,,,,,
59300,0.023023976013064384,0.044457849115133286,6.788985729217529,5000000.0,0.12981271743774414,,,,,
59400,0.013885831460356712,0.023680655285716057,6.788985729217529,5000000.0,0.06247889995574951,,,,,
59500,0.02495974861085415,0.056913718581199646,6.788985729217529,5000000.0,0.18434900045394897,,,,,
59600,0.01479678601026535,0.026311783120036125,6.788985729217529,5000000.0,0.07199078798294067,,,,,
59700,0.0674905851483345,0.08398377895355225,6.788985729217529,5000000.0,0.1495751142501831,,,,,
59800,0.03598657250404358,0.07358386367559433,6.788985729217529,5000000.0,0.22359132766723633,,,,,
59900,0.00819045677781105,0.014612065628170967,6.788985729217529,5000000.0,0.03991645574569702,,,,,
59999,,,,,,0.0151417450979352,0.1373394876718521,5000000.0,29.622325897216797,0.9055608510971069
